Image,Metric,Num Boxes,Time (s)
1,Selective Search,100,8.194038152694702
1,Edge Detection,100,0.536405086517334
1,Selective Search,150,8.004380226135254
1,Edge Detection,150,0.5174930095672607
1,Selective Search,200,8.284467935562134
1,Edge Detection,200,0.526015043258667
1,Selective Search,250,8.03870177268982
1,Edge Detection,250,0.5564391613006592
1,Selective Search,300,8.12584900856018
1,Edge Detection,300,0.5242869853973389
1,Selective Search,350,8.173629999160767
1,Edge Detection,350,0.5222220420837402
1,Selective Search,400,8.105769872665405
1,Edge Detection,400,0.5256359577178955
1,Selective Search,450,8.203282833099365
1,Edge Detection,450,0.5273079872131348
1,Selective Search,500,8.056922912597656
1,Edge Detection,500,0.5198256969451904
1,Selective Search,550,8.226799964904785
1,Edge Detection,550,0.5178329944610596
1,Selective Search,600,8.221666097640991
1,Edge Detection,600,0.5324559211730957
1,Selective Search,650,8.168399095535278
1,Edge Detection,650,0.5276939868927002
1,Selective Search,700,8.093346118927002
1,Edge Detection,700,0.5218849182128906
1,Selective Search,750,8.321483850479126
1,Edge Detection,750,0.5170440673828125
1,Selective Search,800,8.244760990142822
1,Edge Detection,800,0.5208258628845215
1,Selective Search,850,8.12016487121582
1,Edge Detection,850,0.5341260433197021
1,Selective Search,900,8.114747047424316
1,Edge Detection,900,0.5436441898345947
1,Selective Search,950,8.23635196685791
1,Edge Detection,950,0.518944263458252
1,Selective Search,1000,8.384941101074219
1,Edge Detection,1000,0.5405468940734863
1,Selective Search,1050,8.188540935516357
1,Edge Detection,1050,0.5525219440460205
1,Selective Search,1100,8.17679214477539
1,Edge Detection,1100,0.5787968635559082
1,Selective Search,1150,8.345792055130005
1,Edge Detection,1150,0.5195238590240479
1,Selective Search,1200,8.369049072265625
1,Edge Detection,1200,0.5332920551300049
1,Selective Search,1250,8.28943395614624
1,Edge Detection,1250,0.5285639762878418
1,Selective Search,1300,8.23064923286438
1,Edge Detection,1300,0.5391497611999512
1,Selective Search,1350,8.20879602432251
1,Edge Detection,1350,0.5216670036315918
1,Selective Search,1400,8.26968502998352
1,Edge Detection,1400,0.5413601398468018
1,Selective Search,1450,8.33729600906372
1,Edge Detection,1450,0.5292179584503174
1,Selective Search,1500,8.22832202911377
1,Edge Detection,1500,0.5268230438232422
1,Selective Search,1550,8.358647108078003
1,Edge Detection,1550,0.5222048759460449
1,Selective Search,1600,8.184818267822266
1,Edge Detection,1600,0.5211441516876221
1,Selective Search,1650,8.244316816329956
1,Edge Detection,1650,0.5322771072387695
1,Selective Search,1700,8.499335765838623
1,Edge Detection,1700,0.5538749694824219
1,Selective Search,1750,8.248288631439209
1,Edge Detection,1750,0.5309281349182129
1,Selective Search,1800,8.362762928009033
1,Edge Detection,1800,0.5487580299377441
1,Selective Search,1850,8.430811166763306
1,Edge Detection,1850,0.5432488918304443
1,Selective Search,1900,8.35545301437378
1,Edge Detection,1900,0.5569682121276855
1,Selective Search,1950,8.234482765197754
1,Edge Detection,1950,0.520545244216919
1,Selective Search,2000,8.432498931884766
1,Edge Detection,2000,0.5207328796386719
1,Selective Search,2050,8.347209930419922
1,Edge Detection,2050,0.5350251197814941
1,Selective Search,2100,8.27656078338623
1,Edge Detection,2100,0.5299081802368164
1,Selective Search,2150,8.172553062438965
1,Edge Detection,2150,0.5227060317993164
1,Selective Search,2200,8.202958822250366
1,Edge Detection,2200,0.5368978977203369
1,Selective Search,2250,8.318665027618408
1,Edge Detection,2250,0.5181112289428711
1,Selective Search,2300,8.363196849822998
1,Edge Detection,2300,0.5282862186431885
1,Selective Search,2350,8.10165786743164
1,Edge Detection,2350,0.5214078426361084
1,Selective Search,2400,8.348171710968018
1,Edge Detection,2400,0.5336072444915771
1,Selective Search,2450,8.226990222930908
1,Edge Detection,2450,0.5369968414306641
1,Selective Search,2500,8.290940284729004
1,Edge Detection,2500,0.5223097801208496
2,Selective Search,100,1.751938819885254
2,Edge Detection,100,0.46845507621765137
2,Selective Search,150,1.7623622417449951
2,Edge Detection,150,0.4560267925262451
2,Selective Search,200,1.7833409309387207
2,Edge Detection,200,0.46089601516723633
2,Selective Search,250,1.7755510807037354
2,Edge Detection,250,0.4561469554901123
2,Selective Search,300,1.7617847919464111
2,Edge Detection,300,0.46082091331481934
2,Selective Search,350,1.8651447296142578
2,Edge Detection,350,0.49493908882141113
2,Selective Search,400,1.7742900848388672
2,Edge Detection,400,0.47794270515441895
2,Selective Search,450,1.7462480068206787
2,Edge Detection,450,0.4723329544067383
2,Selective Search,500,1.7046442031860352
2,Edge Detection,500,0.4534628391265869
2,Selective Search,550,1.709704875946045
2,Edge Detection,550,0.4515500068664551
2,Selective Search,600,1.7882602214813232
2,Edge Detection,600,0.44918084144592285
2,Selective Search,650,1.699289083480835
2,Edge Detection,650,0.46090197563171387
2,Selective Search,700,1.7300317287445068
2,Edge Detection,700,0.4636657238006592
2,Selective Search,750,1.6977741718292236
2,Edge Detection,750,0.45545101165771484
2,Selective Search,800,1.6710572242736816
2,Edge Detection,800,0.45036792755126953
2,Selective Search,850,1.764134168624878
2,Edge Detection,850,0.4547767639160156
2,Selective Search,900,1.7080268859863281
2,Edge Detection,900,0.4538450241088867
2,Selective Search,950,1.761437177658081
2,Edge Detection,950,0.46361231803894043
2,Selective Search,1000,1.73518705368042
2,Edge Detection,1000,0.45667123794555664
2,Selective Search,1050,1.7275488376617432
2,Edge Detection,1050,0.4575221538543701
2,Selective Search,1100,1.7059400081634521
2,Edge Detection,1100,0.45837903022766113
2,Selective Search,1150,1.6767117977142334
2,Edge Detection,1150,0.45493006706237793
2,Selective Search,1200,1.6798839569091797
2,Edge Detection,1200,0.45951008796691895
2,Selective Search,1250,1.694303035736084
2,Edge Detection,1250,0.46054983139038086
2,Selective Search,1300,1.6548669338226318
2,Edge Detection,1300,0.4527912139892578
2,Selective Search,1350,1.6592340469360352
2,Edge Detection,1350,0.4540669918060303
2,Selective Search,1400,1.645704984664917
2,Edge Detection,1400,0.46395421028137207
2,Selective Search,1450,1.654414176940918
2,Edge Detection,1450,0.4515860080718994
2,Selective Search,1500,1.6484990119934082
2,Edge Detection,1500,0.45357728004455566
2,Selective Search,1550,1.6534671783447266
2,Edge Detection,1550,0.4535059928894043
2,Selective Search,1600,1.6492738723754883
2,Edge Detection,1600,0.45221805572509766
2,Selective Search,1650,1.6485576629638672
2,Edge Detection,1650,0.4510178565979004
2,Selective Search,1700,1.6592738628387451
2,Edge Detection,1700,0.457211971282959
2,Selective Search,1750,1.6721291542053223
2,Edge Detection,1750,0.4565849304199219
2,Selective Search,1800,1.6755428314208984
2,Edge Detection,1800,0.45195603370666504
2,Selective Search,1850,1.6392638683319092
2,Edge Detection,1850,0.45097899436950684
2,Selective Search,1900,1.693047046661377
2,Edge Detection,1900,0.4621758460998535
2,Selective Search,1950,1.6842670440673828
2,Edge Detection,1950,0.4580402374267578
2,Selective Search,2000,1.6855108737945557
2,Edge Detection,2000,0.4525279998779297
2,Selective Search,2050,1.6164898872375488
2,Edge Detection,2050,0.4491109848022461
2,Selective Search,2100,1.6457529067993164
2,Edge Detection,2100,0.445375919342041
2,Selective Search,2150,1.6123409271240234
2,Edge Detection,2150,0.4533209800720215
2,Selective Search,2200,1.6362190246582031
2,Edge Detection,2200,0.45440101623535156
2,Selective Search,2250,1.6671648025512695
2,Edge Detection,2250,0.4483072757720947
2,Selective Search,2300,1.621284008026123
2,Edge Detection,2300,0.4482872486114502
2,Selective Search,2350,1.621816873550415
2,Edge Detection,2350,0.45169830322265625
2,Selective Search,2400,1.6572749614715576
2,Edge Detection,2400,0.46216511726379395
2,Selective Search,2450,1.6854901313781738
2,Edge Detection,2450,0.4525599479675293
2,Selective Search,2500,1.6618380546569824
2,Edge Detection,2500,0.4555346965789795
3,Selective Search,100,1.5721349716186523
3,Edge Detection,100,0.43357229232788086
3,Selective Search,150,1.5565569400787354
3,Edge Detection,150,0.4350130558013916
3,Selective Search,200,1.5615978240966797
3,Edge Detection,200,0.4328157901763916
3,Selective Search,250,1.567953109741211
3,Edge Detection,250,0.43583202362060547
3,Selective Search,300,1.5625278949737549
3,Edge Detection,300,0.4343130588531494
3,Selective Search,350,1.5538818836212158
3,Edge Detection,350,0.43599724769592285
3,Selective Search,400,1.5581707954406738
3,Edge Detection,400,0.43372416496276855
3,Selective Search,450,1.5613338947296143
3,Edge Detection,450,0.435089111328125
3,Selective Search,500,1.5475351810455322
3,Edge Detection,500,0.42992210388183594
3,Selective Search,550,1.5292842388153076
3,Edge Detection,550,0.43128490447998047
3,Selective Search,600,1.521812915802002
3,Edge Detection,600,0.4320499897003174
3,Selective Search,650,1.5380198955535889
3,Edge Detection,650,0.4302041530609131
3,Selective Search,700,1.5385830402374268
3,Edge Detection,700,0.43765807151794434
3,Selective Search,750,1.5669691562652588
3,Edge Detection,750,0.4325418472290039
3,Selective Search,800,1.6637210845947266
3,Edge Detection,800,0.4504978656768799
3,Selective Search,850,1.5398519039154053
3,Edge Detection,850,0.43212199211120605
3,Selective Search,900,1.5329947471618652
3,Edge Detection,900,0.4303860664367676
3,Selective Search,950,1.529484748840332
3,Edge Detection,950,0.43025994300842285
3,Selective Search,1000,1.525568962097168
3,Edge Detection,1000,0.4287233352661133
3,Selective Search,1050,1.5306081771850586
3,Edge Detection,1050,0.4325528144836426
3,Selective Search,1100,1.5189290046691895
3,Edge Detection,1100,0.42853307723999023
3,Selective Search,1150,1.5269780158996582
3,Edge Detection,1150,0.43175601959228516
3,Selective Search,1200,1.5273311138153076
3,Edge Detection,1200,0.4348599910736084
3,Selective Search,1250,1.526289939880371
3,Edge Detection,1250,0.42962193489074707
3,Selective Search,1300,1.5263721942901611
3,Edge Detection,1300,0.4267609119415283
3,Selective Search,1350,1.5224339962005615
3,Edge Detection,1350,0.427448034286499
3,Selective Search,1400,1.5168077945709229
3,Edge Detection,1400,0.42923426628112793
3,Selective Search,1450,1.5305168628692627
3,Edge Detection,1450,0.4290790557861328
3,Selective Search,1500,1.5363917350769043
3,Edge Detection,1500,0.43192195892333984
3,Selective Search,1550,1.5368218421936035
3,Edge Detection,1550,0.4277019500732422
3,Selective Search,1600,1.5250906944274902
3,Edge Detection,1600,0.4314732551574707
3,Selective Search,1650,1.528019905090332
3,Edge Detection,1650,0.43005800247192383
3,Selective Search,1700,1.5278468132019043
3,Edge Detection,1700,0.4324381351470947
3,Selective Search,1750,1.5279061794281006
3,Edge Detection,1750,0.42973995208740234
3,Selective Search,1800,1.5358986854553223
3,Edge Detection,1800,0.43234920501708984
3,Selective Search,1850,1.535649061203003
3,Edge Detection,1850,0.42711925506591797
3,Selective Search,1900,1.5307130813598633
3,Edge Detection,1900,0.42809104919433594
3,Selective Search,1950,1.5127322673797607
3,Edge Detection,1950,0.427562952041626
3,Selective Search,2000,1.5239999294281006
3,Edge Detection,2000,0.427448034286499
3,Selective Search,2050,1.5360300540924072
3,Edge Detection,2050,0.4278538227081299
3,Selective Search,2100,1.531991958618164
3,Edge Detection,2100,0.42888712882995605
3,Selective Search,2150,1.522538661956787
3,Edge Detection,2150,0.4296109676361084
3,Selective Search,2200,1.5289690494537354
3,Edge Detection,2200,0.42722296714782715
3,Selective Search,2250,1.5216789245605469
3,Edge Detection,2250,0.43022608757019043
3,Selective Search,2300,1.5170578956604004
3,Edge Detection,2300,0.42992615699768066
3,Selective Search,2350,1.5387351512908936
3,Edge Detection,2350,0.4284238815307617
3,Selective Search,2400,1.5304908752441406
3,Edge Detection,2400,0.4276280403137207
3,Selective Search,2450,1.6055889129638672
3,Edge Detection,2450,0.4503910541534424
3,Selective Search,2500,1.5802850723266602
3,Edge Detection,2500,0.433168888092041
4,Selective Search,100,7.812486886978149
4,Edge Detection,100,0.5220682621002197
4,Selective Search,150,7.765247106552124
4,Edge Detection,150,0.5198900699615479
4,Selective Search,200,7.827240943908691
4,Edge Detection,200,0.5274739265441895
4,Selective Search,250,7.817189693450928
4,Edge Detection,250,0.5135810375213623
4,Selective Search,300,7.639252185821533
4,Edge Detection,300,0.510587215423584
4,Selective Search,350,7.773736953735352
4,Edge Detection,350,0.514901876449585
4,Selective Search,400,7.71412205696106
4,Edge Detection,400,0.5116167068481445
4,Selective Search,450,7.640381813049316
4,Edge Detection,450,0.5102157592773438
4,Selective Search,500,7.653149843215942
4,Edge Detection,500,0.5135419368743896
4,Selective Search,550,7.6666529178619385
4,Edge Detection,550,0.5147919654846191
4,Selective Search,600,7.680056095123291
4,Edge Detection,600,0.5132288932800293
4,Selective Search,650,7.721827983856201
4,Edge Detection,650,0.5274109840393066
4,Selective Search,700,7.890017032623291
4,Edge Detection,700,0.5110478401184082
4,Selective Search,750,7.735540151596069
4,Edge Detection,750,0.514711856842041
4,Selective Search,800,7.779077768325806
4,Edge Detection,800,0.511561393737793
4,Selective Search,850,7.808206081390381
4,Edge Detection,850,0.518242597579956
4,Selective Search,900,7.770751953125
4,Edge Detection,900,0.5136101245880127
4,Selective Search,950,7.790369749069214
4,Edge Detection,950,0.5345652103424072
4,Selective Search,1000,7.901747941970825
4,Edge Detection,1000,0.5272159576416016
4,Selective Search,1050,7.6975932121276855
4,Edge Detection,1050,0.5114607810974121
4,Selective Search,1100,7.787085056304932
4,Edge Detection,1100,0.5192539691925049
4,Selective Search,1150,7.91720175743103
4,Edge Detection,1150,0.5237240791320801
4,Selective Search,1200,7.903007984161377
4,Edge Detection,1200,0.5278751850128174
4,Selective Search,1250,7.923490762710571
4,Edge Detection,1250,0.5246157646179199
4,Selective Search,1300,7.916493892669678
4,Edge Detection,1300,0.5237541198730469
4,Selective Search,1350,8.114436149597168
4,Edge Detection,1350,0.528717041015625
4,Selective Search,1400,7.861788034439087
4,Edge Detection,1400,0.5252740383148193
4,Selective Search,1450,7.829932928085327
4,Edge Detection,1450,0.5146801471710205
4,Selective Search,1500,7.606724739074707
4,Edge Detection,1500,0.5171329975128174
4,Selective Search,1550,7.570068120956421
4,Edge Detection,1550,0.5152428150177002
4,Selective Search,1600,7.640833139419556
4,Edge Detection,1600,0.5171840190887451
4,Selective Search,1650,7.628395080566406
4,Edge Detection,1650,0.5182998180389404
4,Selective Search,1700,7.809441804885864
4,Edge Detection,1700,0.5137779712677002
4,Selective Search,1750,7.726086139678955
4,Edge Detection,1750,0.5174269676208496
4,Selective Search,1800,7.863410234451294
4,Edge Detection,1800,0.5181970596313477
4,Selective Search,1850,7.795698881149292
4,Edge Detection,1850,0.511275053024292
4,Selective Search,1900,7.839770078659058
4,Edge Detection,1900,0.5151190757751465
4,Selective Search,1950,7.84132194519043
4,Edge Detection,1950,0.5143170356750488
4,Selective Search,2000,7.734058141708374
4,Edge Detection,2000,0.512225866317749
4,Selective Search,2050,7.650836229324341
4,Edge Detection,2050,0.5105187892913818
4,Selective Search,2100,7.640460252761841
4,Edge Detection,2100,0.5121500492095947
4,Selective Search,2150,7.683516979217529
4,Edge Detection,2150,0.5193471908569336
4,Selective Search,2200,7.716877222061157
4,Edge Detection,2200,0.5267429351806641
4,Selective Search,2250,7.871756076812744
4,Edge Detection,2250,0.5233280658721924
4,Selective Search,2300,7.978423118591309
4,Edge Detection,2300,0.5229790210723877
4,Selective Search,2350,7.896037817001343
4,Edge Detection,2350,0.5224530696868896
4,Selective Search,2400,7.976121187210083
4,Edge Detection,2400,0.5164308547973633
4,Selective Search,2450,7.953969955444336
4,Edge Detection,2450,0.5334279537200928
4,Selective Search,2500,7.839439153671265
4,Edge Detection,2500,0.5151286125183105
5,Selective Search,100,1.9462130069732666
5,Edge Detection,100,0.45631909370422363
5,Selective Search,150,1.9854278564453125
5,Edge Detection,150,0.4608030319213867
5,Selective Search,200,1.902759075164795
5,Edge Detection,200,0.4464409351348877
5,Selective Search,250,1.933095932006836
5,Edge Detection,250,0.4720180034637451
5,Selective Search,300,1.89170503616333
5,Edge Detection,300,0.4523923397064209
5,Selective Search,350,1.8900740146636963
5,Edge Detection,350,0.44991588592529297
5,Selective Search,400,1.8742849826812744
5,Edge Detection,400,0.4535980224609375
5,Selective Search,450,1.897402048110962
5,Edge Detection,450,0.4461479187011719
5,Selective Search,500,1.9174339771270752
5,Edge Detection,500,0.4587841033935547
5,Selective Search,550,1.8954148292541504
5,Edge Detection,550,0.45000314712524414
5,Selective Search,600,1.8892769813537598
5,Edge Detection,600,0.4468369483947754
5,Selective Search,650,1.8904991149902344
5,Edge Detection,650,0.4598557949066162
5,Selective Search,700,1.9134559631347656
5,Edge Detection,700,0.4497380256652832
5,Selective Search,750,1.9249169826507568
5,Edge Detection,750,0.45906925201416016
5,Selective Search,800,1.9082181453704834
5,Edge Detection,800,0.4492199420928955
5,Selective Search,850,1.8781869411468506
5,Edge Detection,850,0.5797278881072998
5,Selective Search,900,1.9161319732666016
5,Edge Detection,900,0.46569299697875977
5,Selective Search,950,1.8949699401855469
5,Edge Detection,950,0.4689059257507324
5,Selective Search,1000,1.857853889465332
5,Edge Detection,1000,0.44878482818603516
5,Selective Search,1050,1.9063208103179932
5,Edge Detection,1050,0.45438194274902344
5,Selective Search,1100,1.902977705001831
5,Edge Detection,1100,0.4508810043334961
5,Selective Search,1150,1.9525811672210693
5,Edge Detection,1150,0.455761194229126
5,Selective Search,1200,1.901313066482544
5,Edge Detection,1200,0.449800968170166
5,Selective Search,1250,1.8754222393035889
5,Edge Detection,1250,0.4584658145904541
5,Selective Search,1300,1.9220678806304932
5,Edge Detection,1300,0.4568960666656494
5,Selective Search,1350,1.9182918071746826
5,Edge Detection,1350,0.4637138843536377
5,Selective Search,1400,1.9201762676239014
5,Edge Detection,1400,0.48404693603515625
5,Selective Search,1450,1.9359979629516602
5,Edge Detection,1450,0.4530339241027832
5,Selective Search,1500,1.9273931980133057
5,Edge Detection,1500,0.48586106300354004
5,Selective Search,1550,1.9208018779754639
5,Edge Detection,1550,0.45886898040771484
5,Selective Search,1600,1.9044361114501953
5,Edge Detection,1600,0.4519648551940918
5,Selective Search,1650,1.9453649520874023
5,Edge Detection,1650,0.4608781337738037
5,Selective Search,1700,1.9295947551727295
5,Edge Detection,1700,0.46034908294677734
5,Selective Search,1750,1.9259119033813477
5,Edge Detection,1750,0.45289182662963867
5,Selective Search,1800,1.887934923171997
5,Edge Detection,1800,0.4528980255126953
5,Selective Search,1850,1.956679105758667
5,Edge Detection,1850,0.46250414848327637
5,Selective Search,1900,1.897063970565796
5,Edge Detection,1900,0.45622920989990234
5,Selective Search,1950,1.9371728897094727
5,Edge Detection,1950,0.49260902404785156
5,Selective Search,2000,1.9241132736206055
5,Edge Detection,2000,0.4638519287109375
5,Selective Search,2050,1.9752781391143799
5,Edge Detection,2050,0.466048002243042
5,Selective Search,2100,1.9093677997589111
5,Edge Detection,2100,0.4538412094116211
5,Selective Search,2150,1.9020249843597412
5,Edge Detection,2150,0.45868396759033203
5,Selective Search,2200,1.921194076538086
5,Edge Detection,2200,0.4553992748260498
5,Selective Search,2250,1.9294867515563965
5,Edge Detection,2250,0.4864373207092285
5,Selective Search,2300,1.8811640739440918
5,Edge Detection,2300,0.4626350402832031
5,Selective Search,2350,1.9486117362976074
5,Edge Detection,2350,0.4591381549835205
5,Selective Search,2400,1.9118609428405762
5,Edge Detection,2400,0.4620370864868164
5,Selective Search,2450,1.9144861698150635
5,Edge Detection,2450,0.4553089141845703
5,Selective Search,2500,1.9581060409545898
5,Edge Detection,2500,0.46047377586364746
6,Selective Search,100,8.024117946624756
6,Edge Detection,100,0.5324501991271973
6,Selective Search,150,7.978019714355469
6,Edge Detection,150,0.5191831588745117
6,Selective Search,200,8.267639875411987
6,Edge Detection,200,0.5210340023040771
6,Selective Search,250,7.836376190185547
6,Edge Detection,250,0.5155298709869385
6,Selective Search,300,7.859127044677734
6,Edge Detection,300,0.5139918327331543
6,Selective Search,350,8.007978916168213
6,Edge Detection,350,0.5255110263824463
6,Selective Search,400,7.988719940185547
6,Edge Detection,400,0.5175459384918213
6,Selective Search,450,7.912106990814209
6,Edge Detection,450,0.5106170177459717
6,Selective Search,500,7.861306190490723
6,Edge Detection,500,0.5089609622955322
6,Selective Search,550,7.840501070022583
6,Edge Detection,550,0.5069997310638428
6,Selective Search,600,7.8465070724487305
6,Edge Detection,600,0.5075678825378418
6,Selective Search,650,7.858041763305664
6,Edge Detection,650,0.5038330554962158
6,Selective Search,700,7.954917907714844
6,Edge Detection,700,0.5182018280029297
6,Selective Search,750,8.001062154769897
6,Edge Detection,750,0.51043701171875
6,Selective Search,800,7.8771750926971436
6,Edge Detection,800,0.511181116104126
6,Selective Search,850,7.84942626953125
6,Edge Detection,850,0.5103170871734619
6,Selective Search,900,7.836811065673828
6,Edge Detection,900,0.5057909488677979
6,Selective Search,950,7.8377299308776855
6,Edge Detection,950,0.5052969455718994
6,Selective Search,1000,7.8537821769714355
6,Edge Detection,1000,0.5058469772338867
6,Selective Search,1050,7.841318845748901
6,Edge Detection,1050,0.5065312385559082
6,Selective Search,1100,7.863866806030273
6,Edge Detection,1100,0.5069010257720947
6,Selective Search,1150,7.863184213638306
6,Edge Detection,1150,0.5043020248413086
6,Selective Search,1200,7.87674617767334
6,Edge Detection,1200,0.5071349143981934
6,Selective Search,1250,7.843096017837524
6,Edge Detection,1250,0.5108528137207031
6,Selective Search,1300,7.8507399559021
6,Edge Detection,1300,0.506392240524292
6,Selective Search,1350,7.863647937774658
6,Edge Detection,1350,0.5067996978759766
6,Selective Search,1400,7.839162111282349
6,Edge Detection,1400,0.5078668594360352
6,Selective Search,1450,7.836406946182251
6,Edge Detection,1450,0.5050570964813232
6,Selective Search,1500,7.936829090118408
6,Edge Detection,1500,0.5108869075775146
6,Selective Search,1550,7.993299961090088
6,Edge Detection,1550,0.5147230625152588
6,Selective Search,1600,8.030329942703247
6,Edge Detection,1600,0.5164461135864258
6,Selective Search,1650,7.980623722076416
6,Edge Detection,1650,0.515192985534668
6,Selective Search,1700,7.978348016738892
6,Edge Detection,1700,0.5101819038391113
6,Selective Search,1750,8.183245182037354
6,Edge Detection,1750,0.5213708877563477
6,Selective Search,1800,7.8478429317474365
6,Edge Detection,1800,0.5112648010253906
6,Selective Search,1850,7.970463991165161
6,Edge Detection,1850,0.5386381149291992
6,Selective Search,1900,8.007992029190063
6,Edge Detection,1900,0.5143799781799316
6,Selective Search,1950,7.928356885910034
6,Edge Detection,1950,0.5140893459320068
6,Selective Search,2000,8.079122304916382
6,Edge Detection,2000,0.5101189613342285
6,Selective Search,2050,7.85722279548645
6,Edge Detection,2050,0.5045251846313477
6,Selective Search,2100,7.815291881561279
6,Edge Detection,2100,0.5055711269378662
6,Selective Search,2150,7.809623718261719
6,Edge Detection,2150,0.5042030811309814
6,Selective Search,2200,7.830165863037109
6,Edge Detection,2200,0.5035309791564941
6,Selective Search,2250,8.008331060409546
6,Edge Detection,2250,0.5213930606842041
6,Selective Search,2300,8.111170053482056
6,Edge Detection,2300,0.5198969841003418
6,Selective Search,2350,7.955466032028198
6,Edge Detection,2350,0.506986141204834
6,Selective Search,2400,7.900072813034058
6,Edge Detection,2400,0.5125980377197266
6,Selective Search,2450,7.9011030197143555
6,Edge Detection,2450,0.5063250064849854
6,Selective Search,2500,7.99239706993103
6,Edge Detection,2500,0.5080680847167969
7,Selective Search,100,8.3215811252594
7,Edge Detection,100,0.5128278732299805
7,Selective Search,150,8.452355146408081
7,Edge Detection,150,0.5113227367401123
7,Selective Search,200,8.376545906066895
7,Edge Detection,200,0.5179879665374756
7,Selective Search,250,8.445915222167969
7,Edge Detection,250,0.5133318901062012
7,Selective Search,300,8.397475719451904
7,Edge Detection,300,0.5187602043151855
7,Selective Search,350,8.394054889678955
7,Edge Detection,350,0.5132710933685303
7,Selective Search,400,8.400362014770508
7,Edge Detection,400,0.5143811702728271
7,Selective Search,450,8.409814834594727
7,Edge Detection,450,0.5399007797241211
7,Selective Search,500,8.615480899810791
7,Edge Detection,500,0.5205891132354736
7,Selective Search,550,8.663820028305054
7,Edge Detection,550,0.5258018970489502
7,Selective Search,600,8.749995231628418
7,Edge Detection,600,0.5459859371185303
7,Selective Search,650,8.714825868606567
7,Edge Detection,650,0.5304751396179199
7,Selective Search,700,8.8870849609375
7,Edge Detection,700,0.5362169742584229
7,Selective Search,750,8.837085962295532
7,Edge Detection,750,0.5276041030883789
7,Selective Search,800,8.653897047042847
7,Edge Detection,800,0.5253200531005859
7,Selective Search,850,8.580525875091553
7,Edge Detection,850,0.5304012298583984
7,Selective Search,900,8.601781845092773
7,Edge Detection,900,0.5280778408050537
7,Selective Search,950,8.66505765914917
7,Edge Detection,950,0.5299172401428223
7,Selective Search,1000,8.789867162704468
7,Edge Detection,1000,0.5477139949798584
7,Selective Search,1050,8.758124828338623
7,Edge Detection,1050,0.5318329334259033
7,Selective Search,1100,8.357089042663574
7,Edge Detection,1100,0.5163180828094482
7,Selective Search,1150,8.344426155090332
7,Edge Detection,1150,0.511265754699707
7,Selective Search,1200,8.314849138259888
7,Edge Detection,1200,0.5094819068908691
7,Selective Search,1250,8.31921100616455
7,Edge Detection,1250,0.5093281269073486
7,Selective Search,1300,8.316070079803467
7,Edge Detection,1300,0.5089688301086426
7,Selective Search,1350,8.302913904190063
7,Edge Detection,1350,0.5096709728240967
7,Selective Search,1400,8.33065390586853
7,Edge Detection,1400,0.505634069442749
7,Selective Search,1450,8.339855909347534
7,Edge Detection,1450,0.5069730281829834
7,Selective Search,1500,8.539446115493774
7,Edge Detection,1500,0.5178680419921875
7,Selective Search,1550,8.3189058303833
7,Edge Detection,1550,0.5119431018829346
7,Selective Search,1600,8.335895776748657
7,Edge Detection,1600,0.5102779865264893
7,Selective Search,1650,8.340358018875122
7,Edge Detection,1650,0.512488842010498
7,Selective Search,1700,8.317639827728271
7,Edge Detection,1700,0.5092489719390869
7,Selective Search,1750,8.330678224563599
7,Edge Detection,1750,0.5571777820587158
7,Selective Search,1800,8.652931928634644
7,Edge Detection,1800,0.5140171051025391
7,Selective Search,1850,8.615943193435669
7,Edge Detection,1850,0.5196990966796875
7,Selective Search,1900,8.392535924911499
7,Edge Detection,1900,0.5110628604888916
7,Selective Search,1950,8.376374006271362
7,Edge Detection,1950,0.5107488632202148
7,Selective Search,2000,8.388323068618774
7,Edge Detection,2000,0.5087730884552002
7,Selective Search,2050,8.3609619140625
7,Edge Detection,2050,0.5106511116027832
7,Selective Search,2100,8.358092069625854
7,Edge Detection,2100,0.5106158256530762
7,Selective Search,2150,8.377765893936157
7,Edge Detection,2150,0.5069499015808105
7,Selective Search,2200,8.355917692184448
7,Edge Detection,2200,0.5079681873321533
7,Selective Search,2250,8.348687887191772
7,Edge Detection,2250,0.5125002861022949
7,Selective Search,2300,8.357000827789307
7,Edge Detection,2300,0.5093719959259033
7,Selective Search,2350,8.350275039672852
7,Edge Detection,2350,0.511695146560669
7,Selective Search,2400,8.394692182540894
7,Edge Detection,2400,0.5098681449890137
7,Selective Search,2450,8.381469011306763
7,Edge Detection,2450,0.5105001926422119
7,Selective Search,2500,8.361456871032715
7,Edge Detection,2500,0.5111680030822754
8,Selective Search,100,8.106993198394775
8,Edge Detection,100,0.5309710502624512
8,Selective Search,150,8.123605012893677
8,Edge Detection,150,0.5349922180175781
8,Selective Search,200,8.10436487197876
8,Edge Detection,200,0.5286870002746582
8,Selective Search,250,8.118498086929321
8,Edge Detection,250,0.5303859710693359
8,Selective Search,300,8.115095853805542
8,Edge Detection,300,0.5325939655303955
8,Selective Search,350,8.126046895980835
8,Edge Detection,350,0.5279779434204102
8,Selective Search,400,8.092259883880615
8,Edge Detection,400,0.5295910835266113
8,Selective Search,450,8.102439880371094
8,Edge Detection,450,0.5272929668426514
8,Selective Search,500,8.108153104782104
8,Edge Detection,500,0.5346248149871826
8,Selective Search,550,8.100949048995972
8,Edge Detection,550,0.5283918380737305
8,Selective Search,600,8.106336832046509
8,Edge Detection,600,0.52996826171875
8,Selective Search,650,8.016796112060547
8,Edge Detection,650,0.533463716506958
8,Selective Search,700,8.126582860946655
8,Edge Detection,700,0.5326719284057617
8,Selective Search,750,8.123703002929688
8,Edge Detection,750,0.5376999378204346
8,Selective Search,800,8.088921070098877
8,Edge Detection,800,0.528806209564209
8,Selective Search,850,8.116657257080078
8,Edge Detection,850,0.5321400165557861
8,Selective Search,900,8.106513261795044
8,Edge Detection,900,0.5337507724761963
8,Selective Search,950,8.134329080581665
8,Edge Detection,950,0.5314240455627441
8,Selective Search,1000,8.055495023727417
8,Edge Detection,1000,0.5341999530792236
8,Selective Search,1050,8.117730855941772
8,Edge Detection,1050,0.5346770286560059
8,Selective Search,1100,8.109920024871826
8,Edge Detection,1100,0.5351908206939697
8,Selective Search,1150,8.126919031143188
8,Edge Detection,1150,0.5393569469451904
8,Selective Search,1200,7.98665189743042
8,Edge Detection,1200,0.5376441478729248
8,Selective Search,1250,8.10537600517273
8,Edge Detection,1250,0.5338659286499023
8,Selective Search,1300,8.108843088150024
8,Edge Detection,1300,0.5327539443969727
8,Selective Search,1350,8.098429918289185
8,Edge Detection,1350,0.5311391353607178
8,Selective Search,1400,8.083665132522583
8,Edge Detection,1400,0.5317378044128418
8,Selective Search,1450,8.115324974060059
8,Edge Detection,1450,0.5349829196929932
8,Selective Search,1500,8.11386489868164
8,Edge Detection,1500,0.5369699001312256
8,Selective Search,1550,8.09589672088623
8,Edge Detection,1550,0.5401642322540283
8,Selective Search,1600,8.100734949111938
8,Edge Detection,1600,0.5311410427093506
8,Selective Search,1650,8.109106302261353
8,Edge Detection,1650,0.5302760601043701
8,Selective Search,1700,8.099825859069824
8,Edge Detection,1700,0.5376741886138916
8,Selective Search,1750,8.118199110031128
8,Edge Detection,1750,0.5341172218322754
8,Selective Search,1800,8.132117986679077
8,Edge Detection,1800,0.5405218601226807
8,Selective Search,1850,8.146095037460327
8,Edge Detection,1850,0.5387899875640869
8,Selective Search,1900,8.149878025054932
8,Edge Detection,1900,0.5424730777740479
8,Selective Search,1950,8.0921311378479
8,Edge Detection,1950,0.5415749549865723
8,Selective Search,2000,8.149753093719482
8,Edge Detection,2000,0.5383040904998779
8,Selective Search,2050,8.161794900894165
8,Edge Detection,2050,0.5362050533294678
8,Selective Search,2100,8.26265287399292
8,Edge Detection,2100,0.5566580295562744
8,Selective Search,2150,8.253886938095093
8,Edge Detection,2150,0.5478489398956299
8,Selective Search,2200,8.143851041793823
8,Edge Detection,2200,0.537787914276123
8,Selective Search,2250,8.122633934020996
8,Edge Detection,2250,0.5372869968414307
8,Selective Search,2300,8.1098952293396
8,Edge Detection,2300,0.5357961654663086
8,Selective Search,2350,8.107083082199097
8,Edge Detection,2350,0.5353479385375977
8,Selective Search,2400,8.0918710231781
8,Edge Detection,2400,0.5389108657836914
8,Selective Search,2450,8.110615015029907
8,Edge Detection,2450,0.5336959362030029
8,Selective Search,2500,8.116688251495361
8,Edge Detection,2500,0.5403048992156982
9,Selective Search,100,7.420754909515381
9,Edge Detection,100,0.5080239772796631
9,Selective Search,150,7.3993401527404785
9,Edge Detection,150,0.5087108612060547
9,Selective Search,200,7.405527114868164
9,Edge Detection,200,0.5094561576843262
9,Selective Search,250,7.415378093719482
9,Edge Detection,250,0.5084879398345947
9,Selective Search,300,7.407884120941162
9,Edge Detection,300,0.5152161121368408
9,Selective Search,350,7.397124767303467
9,Edge Detection,350,0.5086531639099121
9,Selective Search,400,7.426963806152344
9,Edge Detection,400,0.5101220607757568
9,Selective Search,450,7.40592098236084
9,Edge Detection,450,0.5120439529418945
9,Selective Search,500,7.552944898605347
9,Edge Detection,500,0.5268661975860596
9,Selective Search,550,7.66973090171814
9,Edge Detection,550,0.5150468349456787
9,Selective Search,600,7.598926782608032
9,Edge Detection,600,0.5143711566925049
9,Selective Search,650,7.54957389831543
9,Edge Detection,650,0.5181660652160645
9,Selective Search,700,7.4458301067352295
9,Edge Detection,700,0.5121088027954102
9,Selective Search,750,7.437688827514648
9,Edge Detection,750,0.5094740390777588
9,Selective Search,800,7.489749908447266
9,Edge Detection,800,0.5114350318908691
9,Selective Search,850,7.4273362159729
9,Edge Detection,850,0.5070719718933105
9,Selective Search,900,7.488923788070679
9,Edge Detection,900,0.5158228874206543
9,Selective Search,950,7.52534294128418
9,Edge Detection,950,0.527888298034668
9,Selective Search,1000,7.5275559425354
9,Edge Detection,1000,0.5146939754486084
9,Selective Search,1050,7.429351329803467
9,Edge Detection,1050,0.5094847679138184
9,Selective Search,1100,7.42392897605896
9,Edge Detection,1100,0.5086381435394287
9,Selective Search,1150,7.53959584236145
9,Edge Detection,1150,0.5207750797271729
9,Selective Search,1200,7.552479028701782
9,Edge Detection,1200,0.5106151103973389
9,Selective Search,1250,7.516003131866455
9,Edge Detection,1250,0.5126190185546875
9,Selective Search,1300,7.531567811965942
9,Edge Detection,1300,0.5195610523223877
9,Selective Search,1350,7.478567838668823
9,Edge Detection,1350,0.5255208015441895
9,Selective Search,1400,7.589132070541382
9,Edge Detection,1400,0.5143847465515137
9,Selective Search,1450,7.629048824310303
9,Edge Detection,1450,0.5167300701141357
9,Selective Search,1500,7.6149680614471436
9,Edge Detection,1500,0.5131328105926514
9,Selective Search,1550,7.461913824081421
9,Edge Detection,1550,0.5093080997467041
9,Selective Search,1600,7.4413440227508545
9,Edge Detection,1600,0.5137698650360107
9,Selective Search,1650,7.454735994338989
9,Edge Detection,1650,0.5124900341033936
9,Selective Search,1700,7.428720951080322
9,Edge Detection,1700,0.5129671096801758
9,Selective Search,1750,7.429296970367432
9,Edge Detection,1750,0.5077528953552246
9,Selective Search,1800,7.416464805603027
9,Edge Detection,1800,0.5099749565124512
9,Selective Search,1850,7.478928089141846
9,Edge Detection,1850,0.5052118301391602
9,Selective Search,1900,7.43544864654541
9,Edge Detection,1900,0.5100412368774414
9,Selective Search,1950,7.434990167617798
9,Edge Detection,1950,0.5112650394439697
9,Selective Search,2000,7.442548990249634
9,Edge Detection,2000,0.5093979835510254
9,Selective Search,2050,7.453901052474976
9,Edge Detection,2050,0.5095334053039551
9,Selective Search,2100,7.442393779754639
9,Edge Detection,2100,0.5123400688171387
9,Selective Search,2150,7.443825006484985
9,Edge Detection,2150,0.508159875869751
9,Selective Search,2200,7.452136039733887
9,Edge Detection,2200,0.5139410495758057
9,Selective Search,2250,7.4444420337677
9,Edge Detection,2250,0.5093240737915039
9,Selective Search,2300,7.478232145309448
9,Edge Detection,2300,0.5210707187652588
9,Selective Search,2350,7.445152997970581
9,Edge Detection,2350,0.5081298351287842
9,Selective Search,2400,7.452939033508301
9,Edge Detection,2400,0.5128226280212402
9,Selective Search,2450,7.437234878540039
9,Edge Detection,2450,0.5119898319244385
9,Selective Search,2500,7.408174991607666
9,Edge Detection,2500,0.5065939426422119
10,Selective Search,100,1.8175230026245117
10,Edge Detection,100,0.43970513343811035
10,Selective Search,150,1.8371317386627197
10,Edge Detection,150,0.44217538833618164
10,Selective Search,200,1.853468894958496
10,Edge Detection,200,0.43905115127563477
10,Selective Search,250,1.8576979637145996
10,Edge Detection,250,0.4387509822845459
10,Selective Search,300,1.8400499820709229
10,Edge Detection,300,0.43784403800964355
10,Selective Search,350,1.8293380737304688
10,Edge Detection,350,0.4410068988800049
10,Selective Search,400,1.8401620388031006
10,Edge Detection,400,0.43860697746276855
10,Selective Search,450,1.8515620231628418
10,Edge Detection,450,0.4450979232788086
10,Selective Search,500,1.8765571117401123
10,Edge Detection,500,0.46704721450805664
10,Selective Search,550,1.8814237117767334
10,Edge Detection,550,0.439133882522583
10,Selective Search,600,1.8416640758514404
10,Edge Detection,600,0.44570088386535645
10,Selective Search,650,1.8303451538085938
10,Edge Detection,650,0.4399909973144531
10,Selective Search,700,1.8478200435638428
10,Edge Detection,700,0.4377739429473877
10,Selective Search,750,1.8701341152191162
10,Edge Detection,750,0.44228100776672363
10,Selective Search,800,1.8612709045410156
10,Edge Detection,800,0.4374072551727295
10,Selective Search,850,1.8139829635620117
10,Edge Detection,850,0.43862104415893555
10,Selective Search,900,1.8306479454040527
10,Edge Detection,900,0.43729209899902344
10,Selective Search,950,1.8475110530853271
10,Edge Detection,950,0.44215893745422363
10,Selective Search,1000,1.857179880142212
10,Edge Detection,1000,0.4389989376068115
10,Selective Search,1050,1.8631649017333984
10,Edge Detection,1050,0.43576812744140625
10,Selective Search,1100,1.8266491889953613
10,Edge Detection,1100,0.4425809383392334
10,Selective Search,1150,1.8302772045135498
10,Edge Detection,1150,0.4395756721496582
10,Selective Search,1200,1.8414359092712402
10,Edge Detection,1200,0.44587206840515137
10,Selective Search,1250,1.8524458408355713
10,Edge Detection,1250,0.43974924087524414
10,Selective Search,1300,1.8707330226898193
10,Edge Detection,1300,0.44168996810913086
10,Selective Search,1350,1.82440185546875
10,Edge Detection,1350,0.43878626823425293
10,Selective Search,1400,1.8198802471160889
10,Edge Detection,1400,0.43767285346984863
10,Selective Search,1450,1.8284997940063477
10,Edge Detection,1450,0.43867921829223633
10,Selective Search,1500,1.8615717887878418
10,Edge Detection,1500,0.43883204460144043
10,Selective Search,1550,1.8561890125274658
10,Edge Detection,1550,0.43954014778137207
10,Selective Search,1600,1.8519697189331055
10,Edge Detection,1600,0.440662145614624
10,Selective Search,1650,1.824777364730835
10,Edge Detection,1650,0.43656325340270996
10,Selective Search,1700,1.846472978591919
10,Edge Detection,1700,0.44199609756469727
10,Selective Search,1750,1.8908281326293945
10,Edge Detection,1750,0.44318485260009766
10,Selective Search,1800,1.9642202854156494
10,Edge Detection,1800,0.4435997009277344
10,Selective Search,1850,1.8778791427612305
10,Edge Detection,1850,0.445969820022583
10,Selective Search,1900,1.8704171180725098
10,Edge Detection,1900,0.44137096405029297
10,Selective Search,1950,1.8284471035003662
10,Edge Detection,1950,0.44376397132873535
10,Selective Search,2000,1.8627848625183105
10,Edge Detection,2000,0.440065860748291
10,Selective Search,2050,1.8586502075195312
10,Edge Detection,2050,0.44271278381347656
10,Selective Search,2100,1.8503789901733398
10,Edge Detection,2100,0.446605920791626
10,Selective Search,2150,1.8299429416656494
10,Edge Detection,2150,0.43904685974121094
10,Selective Search,2200,1.8326640129089355
10,Edge Detection,2200,0.44304990768432617
10,Selective Search,2250,1.8692760467529297
10,Edge Detection,2250,0.4399089813232422
10,Selective Search,2300,1.8613786697387695
10,Edge Detection,2300,0.4422142505645752
10,Selective Search,2350,1.8369829654693604
10,Edge Detection,2350,0.44290733337402344
10,Selective Search,2400,1.8279118537902832
10,Edge Detection,2400,0.43845295906066895
10,Selective Search,2450,1.8406262397766113
10,Edge Detection,2450,0.4455606937408447
10,Selective Search,2500,1.8747148513793945
10,Edge Detection,2500,0.4413418769836426
